{"assets/fonts/Amiri-Regular.ttf":["assets/fonts/Amiri-Regular.ttf"],"assets/fonts/Inter-Bold.ttf":["assets/fonts/Inter-Bold.ttf"],"assets/fonts/Inter-Medium.ttf":["assets/fonts/Inter-Medium.ttf"],"assets/fonts/Inter-Regular.ttf":["assets/fonts/Inter-Regular.ttf"],"assets/fonts/Inter-SemiBold.ttf":["assets/fonts/Inter-SemiBold.ttf"],"assets/fonts/Inter_18pt-Bold.ttf":["assets/fonts/Inter_18pt-Bold.ttf"],"assets/fonts/Inter_18pt-Medium.ttf":["assets/fonts/Inter_18pt-Medium.ttf"],"assets/logo.png":["assets/logo.png"],"assets/translations/ar.json":["assets/translations/ar.json"],"assets/translations/en.json":["assets/translations/en.json"],"assets/translations/fr.json":["assets/translations/fr.json"],"packages/cupertino_icons/assets/CupertinoIcons.ttf":["packages/cupertino_icons/assets/CupertinoIcons.ttf"]}